<?xml version="1.0" encoding="UTF-8"?>
<project-private xmlns="http://www.netbeans.org/ns/project-private/1">
    <editor-bookmarks xmlns="http://www.netbeans.org/ns/editor-bookmarks/2" lastBookmarkId="0"/>
    <open-files xmlns="http://www.netbeans.org/ns/projectui-open-files/2">
        <group>
            <file>file:/C:/Users/HP/OneDrive/Documents/NetBeansProjects/Video_On_Demand/src/Server_ON_OFF.java</file>
            <file>file:/C:/Users/HP/OneDrive/Documents/NetBeansProjects/Video_On_Demand/src/myServer.java</file>
            <file>file:/C:/Users/HP/OneDrive/Documents/NetBeansProjects/Video_On_Demand/src/usersignup.java</file>
            <file>file:/C:/Users/HP/OneDrive/Documents/NetBeansProjects/Video_On_Demand/src/testing.java</file>
            <file>file:/C:/Users/HP/OneDrive/Documents/NetBeansProjects/Video_On_Demand/src/sendemail.java</file>
            <file>file:/C:/Users/HP/OneDrive/Documents/NetBeansProjects/Video_On_Demand/src/myClient.java</file>
            <file>file:/C:/Users/HP/OneDrive/Documents/NetBeansProjects/Video_On_Demand/src/Admin_Home.java</file>
            <file>file:/C:/Users/HP/OneDrive/Documents/NetBeansProjects/Video_On_Demand/src/demo_category.java</file>
            <file>file:/C:/Users/HP/OneDrive/Documents/NetBeansProjects/Video_On_Demand/src/Movie_detail.java</file>
            <file>file:/C:/Users/HP/OneDrive/Documents/NetBeansProjects/Video_On_Demand/src/demo.java</file>
            <file>file:/C:/Users/HP/OneDrive/Documents/NetBeansProjects/Video_On_Demand/src/otp_send.java</file>
            <file>file:/C:/Users/HP/OneDrive/Documents/NetBeansProjects/Video_On_Demand/src/fetch_movies.java</file>
            <file>file:/C:/Users/HP/OneDrive/Documents/NetBeansProjects/Video_On_Demand/src/user_home.java</file>
        </group>
    </open-files>
</project-private>
